Ticker,3M_Return,6M_Return,9M_Return,12M_Return,Weighted_Return,ADTV_Crore,Liquidity_Pass,RS_Rank,Strong_Stock
KABRAEXTRU.NS,152.1463772545085,250.5241050699286,255.97997043379306,212.30135583782635,204.61963717011304,24.575544219094194,True,99,True
TBZ.NS,164.29301701120104,334.8413831006411,262.3545912421485,215.5563983202868,228.26768133709572,98.00177000147866,True,99,True
BLISSGVS.NS,25.15742086682735,158.1768777492785,308.89541185271776,333.3135097431266,170.1401282157555,24.07212455069596,True,99,True
MOREPENLAB.NS,107.97881063999827,227.06387542418162,213.9845087781957,163.15255790447821,164.03171267737042,272.5067625967109,True,99,True
CUPID.NS,77.00527141248963,295.6982483645083,369.2988028178587,752.4659185669685,314.29470251486293,736.8827486959469,True,99,True
SHILPAMED.NS,62.12313430920495,143.8424850136113,222.30284296751773,165.4110871043556,131.16053674077892,178.84572553811165,True,99,True
BODALCHEM.NS,191.3402961644843,166.17829439486567,228.86813613439307,174.73734029978104,190.49287263160167,33.112756068335464,True,99,True
INDSWFTLAB.NS,51.830037244412864,151.97235541569842,299.4908219241479,271.1435641967979,165.253363205094,43.68904094863983,True,99,True
HFCL.NS,21.325065448636682,227.09457593274402,287.5000085149496,243.2186430337456,160.0926716757425,316.8992914231188,True,99,True
RAYMOND.NS,89.70423270758394,223.54464228655416,175.8572573341691,101.69981305583829,136.1020356183459,269.7684442588656,True,99,True
BIRLACABLE.NS,99.93771664335793,202.21247055850387,180.79897417507098,137.9099521305099,144.15936603016013,11.219305321969989,True,99,True
WELCORP.NS,62.99770742325994,178.0392601972381,228.93981091191785,205.5487852510419,147.70465424134355,517.8218675880008,True,99,True
E2E.NS,82.0906973402427,190.72453119800946,237.3712975793285,99.45084425461026,138.34561354248672,58.45748564603513,True,99,True
STLTECH.NS,95.92781325351586,360.2829268427672,894.5141007023258,723.8922270327489,434.1089762169748,148.3397649498636,True,99,True
FCL.NS,60.14372066884779,153.12363552491504,137.84892107961565,131.30663547779656,108.51332668400457,102.76062161066676,True,98,True
CYIENTDLM.NS,81.17567418502713,206.96211944752213,128.9027769566569,118.10374187517083,123.26399732988082,53.33797075137848,True,98,True
RATNAVEER.NS,91.17566030791802,139.55938342701592,123.84365218470074,112.3871978589027,111.62831081729108,223.65670635450152,True,98,True
SHREEJISPG.NS,42.246358932698655,133.2758585611979,116.33577289619419,236.27437781294614,114.07574542714711,75.59572118537827,True,98,True
DIACABS.NS,67.47999690611391,186.81673784064597,166.1566402648652,150.80651375194728,127.74797713393725,52.514741112170526,True,98,True
SKYGOLD.NS,47.7856196982932,142.5599079248449,174.31124348473568,223.78272472341067,127.24502310591555,95.9453583279142,True,98,True
YASHO.NS,38.77207737594617,182.96061612262565,197.40447007930783,150.18194310048813,121.61823681086278,27.818196001685475,True,98,True
MTARTECH.NS,15.349836940409123,87.12276061079716,214.54385008172233,301.9162284037022,126.85650259540799,98.87594217248001,True,98,True
AHCL.NS,82.65107201604205,131.14875444772878,86.77741032625863,121.61779073269767,100.96921990775385,50.582033850083185,True,97,True
INDORAMA.NS,86.91078053660127,164.19787293273305,94.25987536142773,48.20339936398459,96.09654174626958,12.21882197736251,True,97,True
AEROFLEX.NS,23.487544483985758,89.64512723348683,159.96403797153675,189.92369160536265,97.30158915567156,71.5158493939746,True,97,True
WHEELS.NS,48.17400559527183,120.42243021780044,153.9200403994104,151.7192236559005,104.481941092731,76.05508259501987,True,97,True
FILATEX.NS,69.4004383524631,147.69475489941257,121.93731972566475,110.25640987926448,103.73787224185361,45.00630500774051,True,97,True
TFCILTD.NS,81.97006248531902,118.88955400976467,121.86180712135157,98.8236950676624,100.70303623388334,186.52941131719325,True,97,True
MARINE.NS,80.13441367612192,138.68517991863362,109.3402491179893,103.07067652238344,102.27298658225006,68.43555978311701,True,97,True
AVADHSUGAR.NS,75.38247566063978,100.81749134433507,153.8926174496644,118.468471548685,104.78870633279281,28.578399163065846,True,97,True
SBC.NS,48.043640066245665,94.06280341489537,117.1478271484375,181.0896122405585,97.67750458727654,56.86928414494598,True,97,True
STLNETWORK.NS,83.12919578086336,133.85468813213404,107.28979073758774,57.653058079999255,93.01118570228954,18.486797955183057,True,96,True
SBCL.NS,42.14943372035995,122.82595965033755,146.67850221099764,100.13448960619806,90.78756378165063,68.04241653563983,True,96,True
MANINDS.NS,54.307050507201104,97.54182596041112,120.02788631136765,131.22419349973563,91.48160135718332,109.4585367867844,True,96,True
SHANTIGOLD.NS,78.8130695875897,111.42839945489187,98.58580498689989,78.24355400139052,89.17677952367234,92.26487692753314,True,96,True
RPTECH.NS,14.30590866753354,130.37285968030665,134.16238547776175,181.63976872331708,94.95736624329052,46.976685662181445,True,96,True
RPEL.NS,31.730472760952424,155.18357835866036,84.43947597015028,149.4390024650231,90.50460046314771,18.45104455753334,True,96,True
ROSSTECH.NS,53.60156535753475,97.28155951495458,150.2661976683552,117.42372985905116,94.4349235514861,46.20775304912232,True,96,True
GCSL.NS,37.074698546416826,106.17647058823528,109.09768829231919,183.74822559833692,94.63435631434501,36.92913814271469,True,96,True
AVALON.NS,33.68004923954147,119.81748532485246,153.1638570591184,118.0155521657417,91.67139860575911,136.42218492491347,True,96,True
ANTELOPUS.NS,29.95517127505152,74.35694499406411,178.47302085533778,97.6139131242224,82.07084430474546,182.3096061326773,True,95,True
VINDHYATEL.NS,44.202488740847535,142.94531667049876,102.08228627965399,95.56667014728089,85.79985011582575,25.154362006430336,True,95,True
MACPOWER.NS,40.965111271575715,92.27381624211937,89.23659583693284,131.75882791639174,79.03989250771909,12.83727739536457,True,95,True
TDPOWERSYS.NS,37.779905161894135,80.9116809116809,128.64756271223962,146.94719768061648,86.41325032566506,240.46126928299017,True,95,True
SANSERA.NS,25.70706621641179,83.18160877366634,113.38335205962235,194.432159570965,88.48225056741546,111.67759700119481,True,95,True
SAKAR.NS,17.13954834973943,76.72753440139263,146.2568472306756,179.07296618388077,87.26728890308559,15.705737075105183,True,95,True
KMEW.NS,32.258603858617874,88.56102403591215,74.29906576149978,172.96940664470094,80.06934083186974,36.055149215944915,True,95,True
IOLCP.NS,18.960315957739216,148.82484291034422,142.34939023672814,90.37477467797832,83.89392794810583,78.78858111287013,True,95,True
DPABHUSHAN.NS,103.5214730039041,109.81715782469527,61.51691484988897,63.76610841389532,88.42862541925757,18.59121322298604,True,95,True
SSWL.NS,60.625442871510636,100.15743790493619,90.17342846459249,77.18541499267933,77.75343342104587,58.60576938714257,True,94,True
UNIMECH.NS,47.793489236951395,122.75296302255376,91.36286715435993,75.26773794939507,76.99410932004231,45.12987580890632,True,94,True
LAURUSLABS.NS,30.668549177944236,87.9302452107366,84.60841785050457,135.60850509767812,73.89685330296155,467.56963545767934,True,94,True
DEEDEV.NS,-10.183601800902265,93.45182453691552,185.9610982138904,121.42203074932536,76.09354997966535,14.129441884308722,True,94,True
PAISALO.NS,11.8948798217402,112.78274737463647,128.01579078256023,115.27407552978408,75.97247466609224,103.5048440635673,True,94,True
SOTL.NS,28.010707534799838,127.99223728182594,101.21020139754609,89.98882399328379,75.0425355484511,60.08393776206872,True,94,True
GANDHAR.NS,43.87249894139003,119.99256756626733,77.78775921301973,108.09065975982746,78.72319688437892,34.87585515470716,True,94,True
SYRMA.NS,20.129921287368212,102.9619984497042,129.24358872563312,107.5920367427957,76.01149329857388,319.6537200556018,True,94,True
PRECWIRE.NS,24.680361569654295,46.76194015344153,90.09925003459848,131.3000175188357,63.50438616923686,43.36346864424147,True,93,True
KRISHANA.NS,41.805755834785295,68.6574792316553,88.24372298135262,112.49460550989335,70.60146387849437,17.92547742414029,True,93,True
UNIVCABLES.NS,30.458693740651,103.31995298903949,61.548690037496876,112.41958724868879,67.64112355130544,28.674283780562295,True,93,True
NRBBEARING.NS,23.77977001936187,108.13179353990958,95.51210882943435,78.70638713430851,65.98196590847523,35.617345481740735,True,93,True
EBGNG.NS,12.644813696588209,84.34852460622804,121.66531932093774,94.02774516983511,65.06624329803547,50.50603817353756,True,93,True
RAMRAT.NS,37.81105865723813,79.02558267907021,90.99379263070806,85.97803958338332,66.32390644152757,21.974648128105827,True,93,True
GRWRHITECH.NS,-0.6178099701746875,91.99111295156422,123.49089747684445,125.18101367658892,67.88548083292964,50.09829605328001,True,93,True
APARINDS.NS,29.876507546761033,67.02888455465774,120.05506271030897,113.80253224751829,72.12789892120142,256.76876713947996,True,93,True
SUBEXLTD.NS,41.75905900748933,121.22260826293339,67.21883050264455,55.30364139869963,65.45263963585126,18.27437202793204,True,93,True
WELSPUNLIV.NS,28.48857286334674,83.67263221188999,69.86790003523933,90.89668266164264,60.282872127093086,139.0448655264649,True,92,True
RRKABEL.NS,13.92959584076825,95.18108447262401,76.06560705575485,115.91254890824949,63.00368642363297,129.23768536379998,True,92,True
EMIL.NS,45.02350747011561,90.14322302380357,85.42192143381115,33.41475827080396,59.80538353372998,154.04942944884039,True,92,True
SGMART.NS,24.55435368259975,46.00902819325485,105.1851787264385,112.49314399614727,62.55921165620802,23.15686387378,True,92,True
MBAPL.NS,24.441098779779335,53.045743808426906,90.61455197211441,109.34532704664277,60.37756407734855,13.756508770332337,True,92,True
SYNCOMF.NS,67.00144467296599,79.21478904415402,64.17489552625872,37.833046346427835,63.04512405255451,37.562749778010705,True,92,True
DEEPINDS.NS,61.31402738759646,69.17497818740254,71.9023499377911,47.05941136157043,62.15295885239141,42.09925452855767,True,92,True
AETHER.NS,20.3262607952148,54.1806227114509,84.65194391522309,131.01624783741403,62.100267210903525,57.45626655392432,True,92,True
PVP.NS,72.83825573515936,52.92528779045147,42.77310961185081,70.18363913958264,62.311709602440736,13.891022007637256,True,92,True
OPTIEMUS.NS,40.68803953065556,124.75205939006541,59.67314925033491,20.181189500927776,57.19649544052785,64.72379893232001,True,91,True
CHENNPETRO.NS,28.482590880391644,51.288959994677,82.85398178637664,90.63299649290313,56.348224006948016,371.8772580820104,True,91,True
COMSYN.NS,33.71735269623892,70.35224311659914,69.75429024510672,69.40191209963744,55.38863017076423,23.512078131233103,True,91,True
LOTUSDEV.NS,65.96288859024789,78.22628039351159,48.26840106666204,26.13110147857247,56.91031202384838,38.648331963020794,True,91,True
AEGISLOG.NS,7.367041637810701,129.3428138054756,89.72748413006704,57.623558523718835,58.28558794697658,134.59092856944764,True,91,True
CONFIPET.NS,11.041804729009662,52.571112210321424,127.61153968805613,82.56599351093634,56.96645097346665,30.28813322859356,True,91,True
JGCHEM.NS,38.82469275378302,78.73335531567534,80.65301762170563,49.219300161995115,57.25101172138842,46.72144855673122,True,91,True
PGIL.NS,25.021961221022448,69.36805053362187,57.84869567807007,105.27159520927304,56.50645277260198,34.906053094442875,True,91,True
SMCGLOBAL.NS,51.48941149897466,86.44476524951182,28.790401555471124,65.50100055494428,56.742998071575315,58.753923240003346,True,91,True
PANAMAPET.NS,18.296750824418663,86.34450736334634,65.65892226005217,74.79731144128372,52.67884854270391,32.15851020921075,True,90,True
ONEPOINT.NS,44.89722671641776,57.22950430580871,50.967501975250684,66.86046691229326,52.970385325237636,16.5641064208856,True,90,True
NEOGEN.NS,10.613951217296513,82.74165564447617,107.73932999097266,58.419932622259374,54.025764138460254,45.4338020005265,True,90,True
HAPPYFORGE.NS,20.69051949692011,51.31434066802419,64.25458996889684,107.45616137965337,52.88122620208293,23.658229607898793,True,90,True
FINCABLES.NS,31.207475353250192,64.64519901281452,77.59446633325186,67.74777944385126,54.480479099283606,186.6762021804257,True,90,True
SUNFLAG.NS,27.830258217482438,84.12458623007682,63.85990975938298,60.598859956469695,52.848774476178875,17.099759174345397,True,90,True
MARKSANS.NS,14.779064283190447,76.64876765959836,69.81650304811113,85.61220703133947,52.32712126108598,118.8683120410272,True,90,True
GLAND.NS,24.40273482738695,75.05003096249207,80.29679289033496,56.90273703606603,52.21100610873339,199.8230281278585,True,90,True
